-- ============================================================
-- SaversureV2 Demo Data Seed
-- Tenant: 00000000-0000-0000-0000-000000000001 (Demo Brand)
-- Idempotent: uses ON CONFLICT DO NOTHING
-- ============================================================

BEGIN;

-- ============================================================
-- 1. Point Currencies
-- ============================================================
INSERT INTO point_currencies (id, tenant_id, code, name, icon, is_default, sort_order, active, exchange_rate) VALUES
('a0000000-0000-0000-0000-000000000001', '00000000-0000-0000-0000-000000000001', 'point', 'แต้มสะสม', '⭐', TRUE, 0, TRUE, 1.0),
('a0000000-0000-0000-0000-000000000002', '00000000-0000-0000-0000-000000000001', 'bonus', 'แต้มพิเศษ', '🎁', FALSE, 1, TRUE, 2.0)
ON CONFLICT DO NOTHING;

-- ============================================================
-- 2. Reward Tiers
-- ============================================================
INSERT INTO reward_tiers (id, tenant_id, name, min_points, icon, color, sort_order, active) VALUES
('b0000000-0000-0000-0000-000000000001', '00000000-0000-0000-0000-000000000001', 'Bronze', 0, '🥉', '#CD7F32', 0, TRUE),
('b0000000-0000-0000-0000-000000000002', '00000000-0000-0000-0000-000000000001', 'Silver', 500, '🥈', '#C0C0C0', 1, TRUE),
('b0000000-0000-0000-0000-000000000003', '00000000-0000-0000-0000-000000000001', 'Gold', 2000, '🥇', '#FFD700', 2, TRUE),
('b0000000-0000-0000-0000-000000000004', '00000000-0000-0000-0000-000000000001', 'Platinum', 5000, '💎', '#E5E4E2', 3, TRUE),
('b0000000-0000-0000-0000-000000000005', '00000000-0000-0000-0000-000000000001', 'Diamond', 10000, '👑', '#B9F2FF', 4, TRUE)
ON CONFLICT DO NOTHING;

-- ============================================================
-- 3. Products (10 items)
-- ============================================================
INSERT INTO products (id, tenant_id, name, sku, description, image_url, points_per_scan, status) VALUES
('c0000000-0000-0000-0000-000000000001', '00000000-0000-0000-0000-000000000001', 'สมุนไพรจุฬาเฮิร์บ ขมิ้นชัน', 'JH-TUR-001', 'แคปซูลขมิ้นชัน สกัดเข้มข้น บำรุงกระเพาะ', 'https://placehold.co/300x300/2d6a4f/white?text=ขมิ้นชัน', 10, 'active'),
('c0000000-0000-0000-0000-000000000002', '00000000-0000-0000-0000-000000000001', 'เซรั่มบำรุงผิว คอลลาเจน', 'JH-SER-001', 'เซรั่มคอลลาเจนเข้มข้น ลดริ้วรอย ผิวกระจ่างใส', 'https://placehold.co/300x300/e84393/white?text=เซรั่ม', 15, 'active'),
('c0000000-0000-0000-0000-000000000003', '00000000-0000-0000-0000-000000000001', 'สบู่สมุนไพร มะขาม', 'JH-SOP-001', 'สบู่มะขามผสมน้ำผึ้ง ผิวนุ่มชุ่มชื้น', 'https://placehold.co/300x300/ff8c42/white?text=สบู่', 5, 'active'),
('c0000000-0000-0000-0000-000000000004', '00000000-0000-0000-0000-000000000001', 'ครีมกันแดด SPF50', 'JH-SUN-001', 'ครีมกันแดดสูตรอ่อนโยน ไม่อุดตัน เนื้อบางเบา', 'https://placehold.co/300x300/ffc107/white?text=กันแดด', 12, 'active'),
('c0000000-0000-0000-0000-000000000005', '00000000-0000-0000-0000-000000000001', 'แชมพูสมุนไพร อัญชัน', 'JH-SHP-001', 'แชมพูอัญชัน ลดผมร่วง บำรุงรากผม', 'https://placehold.co/300x300/7c5cbf/white?text=แชมพู', 8, 'active'),
('c0000000-0000-0000-0000-000000000006', '00000000-0000-0000-0000-000000000001', 'น้ำมันนวดสมุนไพร', 'JH-OIL-001', 'น้ำมันนวดผสมไพล ตะไคร้ คลายเมื่อย', 'https://placehold.co/300x300/00b894/white?text=น้ำมัน', 10, 'active'),
('c0000000-0000-0000-0000-000000000007', '00000000-0000-0000-0000-000000000001', 'ยาหม่องสมุนไพร', 'JH-BLM-001', 'ยาหม่องสูตรโบราณ ผสมเสลดพังพอน', 'https://placehold.co/300x300/d4a017/white?text=ยาหม่อง', 5, 'active'),
('c0000000-0000-0000-0000-000000000008', '00000000-0000-0000-0000-000000000001', 'ชาสมุนไพร ตะไคร้-ใบเตย', 'JH-TEA-001', 'ชาสมุนไพรรสหอมอ่อนๆ ดื่มง่าย ดีต่อสุขภาพ', 'https://placehold.co/300x300/2d6a4f/white?text=ชา', 5, 'active'),
('c0000000-0000-0000-0000-000000000009', '00000000-0000-0000-0000-000000000001', 'โลชั่นบำรุงผิว ว่านหางจระเข้', 'JH-LOT-001', 'โลชั่นว่านหางจระเข้ เย็นสบาย ผิวชุ่มชื้น 24 ชม.', 'https://placehold.co/300x300/e84393/white?text=โลชั่น', 10, 'active'),
('c0000000-0000-0000-0000-000000000010', '00000000-0000-0000-0000-000000000001', 'เจลล้างหน้า สมุนไพร', 'JH-GEL-001', 'เจลล้างหน้าสูตรอ่อนโยน ผสมชาเขียว', 'https://placehold.co/300x300/ff8c42/white?text=เจลล้างหน้า', 8, 'active')
ON CONFLICT DO NOTHING;

-- ============================================================
-- 4. Consumer Users (12 demo users)
-- ============================================================
INSERT INTO users (id, tenant_id, phone, display_name, first_name, last_name, status, phone_verified, profile_completed) VALUES
('d0000000-0000-0000-0000-000000000001', '00000000-0000-0000-0000-000000000001', '0812345001', 'สมชาย ใจดี', 'สมชาย', 'ใจดี', 'active', TRUE, TRUE),
('d0000000-0000-0000-0000-000000000002', '00000000-0000-0000-0000-000000000001', '0812345002', 'สมหญิง รักษ์โลก', 'สมหญิง', 'รักษ์โลก', 'active', TRUE, TRUE),
('d0000000-0000-0000-0000-000000000003', '00000000-0000-0000-0000-000000000001', '0812345003', 'วิชัย มั่นคง', 'วิชัย', 'มั่นคง', 'active', TRUE, TRUE),
('d0000000-0000-0000-0000-000000000004', '00000000-0000-0000-0000-000000000001', '0812345004', 'นภา สดใส', 'นภา', 'สดใส', 'active', TRUE, TRUE),
('d0000000-0000-0000-0000-000000000005', '00000000-0000-0000-0000-000000000001', '0812345005', 'ธนา เจริญสุข', 'ธนา', 'เจริญสุข', 'active', TRUE, TRUE),
('d0000000-0000-0000-0000-000000000006', '00000000-0000-0000-0000-000000000001', '0812345006', 'กานดา ศรีสุข', 'กานดา', 'ศรีสุข', 'active', TRUE, TRUE),
('d0000000-0000-0000-0000-000000000007', '00000000-0000-0000-0000-000000000001', '0812345007', 'ประเสริฐ ดีงาม', 'ประเสริฐ', 'ดีงาม', 'active', TRUE, TRUE),
('d0000000-0000-0000-0000-000000000008', '00000000-0000-0000-0000-000000000001', '0812345008', 'ลัดดา พรมมา', 'ลัดดา', 'พรมมา', 'active', TRUE, TRUE),
('d0000000-0000-0000-0000-000000000009', '00000000-0000-0000-0000-000000000001', '0812345009', 'อนันต์ วงษ์ไทย', 'อนันต์', 'วงษ์ไทย', 'active', TRUE, TRUE),
('d0000000-0000-0000-0000-000000000010', '00000000-0000-0000-0000-000000000001', '0812345010', 'พิมพา แก้วใส', 'พิมพา', 'แก้วใส', 'active', TRUE, TRUE),
('d0000000-0000-0000-0000-000000000011', '00000000-0000-0000-0000-000000000001', '0812345011', 'สุรศักดิ์ กล้าหาญ', 'สุรศักดิ์', 'กล้าหาญ', 'active', TRUE, TRUE),
('d0000000-0000-0000-0000-000000000012', '00000000-0000-0000-0000-000000000001', '0812345012', 'จันทรา บุญมา', 'จันทรา', 'บุญมา', 'active', TRUE, TRUE)
ON CONFLICT DO NOTHING;

-- ============================================================
-- 5. Rolls (link batch to products)
-- ============================================================
INSERT INTO rolls (id, tenant_id, batch_id, roll_number, serial_start, serial_end, code_count, status, product_id) VALUES
('e0000000-0000-0000-0000-000000000001', '00000000-0000-0000-0000-000000000001', '00000000-0000-0000-0000-000000000004', 1, 1, 1000, 1000, 'distributed', 'c0000000-0000-0000-0000-000000000001'),
('e0000000-0000-0000-0000-000000000002', '00000000-0000-0000-0000-000000000001', '00000000-0000-0000-0000-000000000004', 2, 1001, 2000, 1000, 'distributed', 'c0000000-0000-0000-0000-000000000002'),
('e0000000-0000-0000-0000-000000000003', '00000000-0000-0000-0000-000000000001', '00000000-0000-0000-0000-000000000004', 3, 2001, 3000, 1000, 'distributed', 'c0000000-0000-0000-0000-000000000003'),
('e0000000-0000-0000-0000-000000000004', '00000000-0000-0000-0000-000000000001', '00000000-0000-0000-0000-000000000004', 4, 3001, 4000, 1000, 'distributed', 'c0000000-0000-0000-0000-000000000004'),
('e0000000-0000-0000-0000-000000000005', '00000000-0000-0000-0000-000000000001', '00000000-0000-0000-0000-000000000004', 5, 4001, 5000, 1000, 'distributed', 'c0000000-0000-0000-0000-000000000005')
ON CONFLICT DO NOTHING;

-- ============================================================
-- 6. Codes (scanned codes for demo users)
-- ============================================================
INSERT INTO codes (id, tenant_id, batch_id, serial_number, ref1, status, scanned_at, scanned_by) VALUES
('f0000000-0000-0000-0000-000000000001', '00000000-0000-0000-0000-000000000001', '00000000-0000-0000-0000-000000000004', 1, 'SV2026-0001', 'scanned', NOW() - INTERVAL '30 days', 'd0000000-0000-0000-0000-000000000001'),
('f0000000-0000-0000-0000-000000000002', '00000000-0000-0000-0000-000000000001', '00000000-0000-0000-0000-000000000004', 2, 'SV2026-0002', 'scanned', NOW() - INTERVAL '28 days', 'd0000000-0000-0000-0000-000000000001'),
('f0000000-0000-0000-0000-000000000003', '00000000-0000-0000-0000-000000000001', '00000000-0000-0000-0000-000000000004', 3, 'SV2026-0003', 'scanned', NOW() - INTERVAL '25 days', 'd0000000-0000-0000-0000-000000000001'),
('f0000000-0000-0000-0000-000000000004', '00000000-0000-0000-0000-000000000001', '00000000-0000-0000-0000-000000000004', 4, 'SV2026-0004', 'scanned', NOW() - INTERVAL '22 days', 'd0000000-0000-0000-0000-000000000002'),
('f0000000-0000-0000-0000-000000000005', '00000000-0000-0000-0000-000000000001', '00000000-0000-0000-0000-000000000004', 5, 'SV2026-0005', 'scanned', NOW() - INTERVAL '20 days', 'd0000000-0000-0000-0000-000000000002'),
('f0000000-0000-0000-0000-000000000006', '00000000-0000-0000-0000-000000000001', '00000000-0000-0000-0000-000000000004', 6, 'SV2026-0006', 'scanned', NOW() - INTERVAL '18 days', 'd0000000-0000-0000-0000-000000000003'),
('f0000000-0000-0000-0000-000000000007', '00000000-0000-0000-0000-000000000001', '00000000-0000-0000-0000-000000000004', 7, 'SV2026-0007', 'scanned', NOW() - INTERVAL '15 days', 'd0000000-0000-0000-0000-000000000003'),
('f0000000-0000-0000-0000-000000000008', '00000000-0000-0000-0000-000000000001', '00000000-0000-0000-0000-000000000004', 8, 'SV2026-0008', 'scanned', NOW() - INTERVAL '14 days', 'd0000000-0000-0000-0000-000000000003'),
('f0000000-0000-0000-0000-000000000009', '00000000-0000-0000-0000-000000000001', '00000000-0000-0000-0000-000000000004', 9, 'SV2026-0009', 'scanned', NOW() - INTERVAL '12 days', 'd0000000-0000-0000-0000-000000000004'),
('f0000000-0000-0000-0000-000000000010', '00000000-0000-0000-0000-000000000001', '00000000-0000-0000-0000-000000000004', 10, 'SV2026-0010', 'scanned', NOW() - INTERVAL '10 days', 'd0000000-0000-0000-0000-000000000004'),
('f0000000-0000-0000-0000-000000000011', '00000000-0000-0000-0000-000000000001', '00000000-0000-0000-0000-000000000004', 11, 'SV2026-0011', 'scanned', NOW() - INTERVAL '9 days', 'd0000000-0000-0000-0000-000000000005'),
('f0000000-0000-0000-0000-000000000012', '00000000-0000-0000-0000-000000000001', '00000000-0000-0000-0000-000000000004', 12, 'SV2026-0012', 'scanned', NOW() - INTERVAL '8 days', 'd0000000-0000-0000-0000-000000000005'),
('f0000000-0000-0000-0000-000000000013', '00000000-0000-0000-0000-000000000001', '00000000-0000-0000-0000-000000000004', 13, 'SV2026-0013', 'scanned', NOW() - INTERVAL '7 days', 'd0000000-0000-0000-0000-000000000005'),
('f0000000-0000-0000-0000-000000000014', '00000000-0000-0000-0000-000000000001', '00000000-0000-0000-0000-000000000004', 14, 'SV2026-0014', 'scanned', NOW() - INTERVAL '6 days', 'd0000000-0000-0000-0000-000000000006'),
('f0000000-0000-0000-0000-000000000015', '00000000-0000-0000-0000-000000000001', '00000000-0000-0000-0000-000000000004', 15, 'SV2026-0015', 'scanned', NOW() - INTERVAL '5 days', 'd0000000-0000-0000-0000-000000000006'),
('f0000000-0000-0000-0000-000000000016', '00000000-0000-0000-0000-000000000001', '00000000-0000-0000-0000-000000000004', 1001, 'SV2026-1001', 'scanned', NOW() - INTERVAL '4 days', 'd0000000-0000-0000-0000-000000000007'),
('f0000000-0000-0000-0000-000000000017', '00000000-0000-0000-0000-000000000001', '00000000-0000-0000-0000-000000000004', 1002, 'SV2026-1002', 'scanned', NOW() - INTERVAL '3 days', 'd0000000-0000-0000-0000-000000000008'),
('f0000000-0000-0000-0000-000000000018', '00000000-0000-0000-0000-000000000001', '00000000-0000-0000-0000-000000000004', 1003, 'SV2026-1003', 'scanned', NOW() - INTERVAL '3 days', 'd0000000-0000-0000-0000-000000000009'),
('f0000000-0000-0000-0000-000000000019', '00000000-0000-0000-0000-000000000001', '00000000-0000-0000-0000-000000000004', 1004, 'SV2026-1004', 'scanned', NOW() - INTERVAL '2 days', 'd0000000-0000-0000-0000-000000000010'),
('f0000000-0000-0000-0000-000000000020', '00000000-0000-0000-0000-000000000001', '00000000-0000-0000-0000-000000000004', 1005, 'SV2026-1005', 'scanned', NOW() - INTERVAL '2 days', 'd0000000-0000-0000-0000-000000000011'),
('f0000000-0000-0000-0000-000000000021', '00000000-0000-0000-0000-000000000001', '00000000-0000-0000-0000-000000000004', 2001, 'SV2026-2001', 'scanned', NOW() - INTERVAL '1 day', 'd0000000-0000-0000-0000-000000000001'),
('f0000000-0000-0000-0000-000000000022', '00000000-0000-0000-0000-000000000001', '00000000-0000-0000-0000-000000000004', 2002, 'SV2026-2002', 'scanned', NOW() - INTERVAL '1 day', 'd0000000-0000-0000-0000-000000000002'),
('f0000000-0000-0000-0000-000000000023', '00000000-0000-0000-0000-000000000001', '00000000-0000-0000-0000-000000000004', 2003, 'SV2026-2003', 'scanned', NOW() - INTERVAL '1 day', 'd0000000-0000-0000-0000-000000000003'),
('f0000000-0000-0000-0000-000000000024', '00000000-0000-0000-0000-000000000001', '00000000-0000-0000-0000-000000000004', 2004, 'SV2026-2004', 'scanned', NOW() - INTERVAL '12 hours', 'd0000000-0000-0000-0000-000000000004'),
('f0000000-0000-0000-0000-000000000025', '00000000-0000-0000-0000-000000000001', '00000000-0000-0000-0000-000000000004', 2005, 'SV2026-2005', 'scanned', NOW() - INTERVAL '6 hours', 'd0000000-0000-0000-0000-000000000005'),
-- Unused codes for future scanning
('f0000000-0000-0000-0000-000000000050', '00000000-0000-0000-0000-000000000001', '00000000-0000-0000-0000-000000000004', 3001, 'SV2026-3001', 'scanned', NOW(), NULL),
('f0000000-0000-0000-0000-000000000051', '00000000-0000-0000-0000-000000000001', '00000000-0000-0000-0000-000000000004', 3002, 'SV2026-3002', 'scanned', NOW(), NULL),
('f0000000-0000-0000-0000-000000000052', '00000000-0000-0000-0000-000000000001', '00000000-0000-0000-0000-000000000004', 3003, 'SV2026-3003', 'scanned', NOW(), NULL)
ON CONFLICT DO NOTHING;

-- ============================================================
-- 7. Scan History
-- ============================================================
INSERT INTO scan_history (id, tenant_id, user_id, code_id, campaign_id, batch_id, points_earned, scan_type, scanned_at) VALUES
('10000000-0000-0000-0000-000000000001', '00000000-0000-0000-0000-000000000001', 'd0000000-0000-0000-0000-000000000001', 'f0000000-0000-0000-0000-000000000001', '00000000-0000-0000-0000-000000000003', '00000000-0000-0000-0000-000000000004', 10, 'success', NOW() - INTERVAL '30 days'),
('10000000-0000-0000-0000-000000000002', '00000000-0000-0000-0000-000000000001', 'd0000000-0000-0000-0000-000000000001', 'f0000000-0000-0000-0000-000000000002', '00000000-0000-0000-0000-000000000003', '00000000-0000-0000-0000-000000000004', 10, 'success', NOW() - INTERVAL '28 days'),
('10000000-0000-0000-0000-000000000003', '00000000-0000-0000-0000-000000000001', 'd0000000-0000-0000-0000-000000000001', 'f0000000-0000-0000-0000-000000000003', '00000000-0000-0000-0000-000000000003', '00000000-0000-0000-0000-000000000004', 10, 'success', NOW() - INTERVAL '25 days'),
('10000000-0000-0000-0000-000000000004', '00000000-0000-0000-0000-000000000001', 'd0000000-0000-0000-0000-000000000002', 'f0000000-0000-0000-0000-000000000004', '00000000-0000-0000-0000-000000000003', '00000000-0000-0000-0000-000000000004', 10, 'success', NOW() - INTERVAL '22 days'),
('10000000-0000-0000-0000-000000000005', '00000000-0000-0000-0000-000000000001', 'd0000000-0000-0000-0000-000000000002', 'f0000000-0000-0000-0000-000000000005', '00000000-0000-0000-0000-000000000003', '00000000-0000-0000-0000-000000000004', 10, 'success', NOW() - INTERVAL '20 days'),
('10000000-0000-0000-0000-000000000006', '00000000-0000-0000-0000-000000000001', 'd0000000-0000-0000-0000-000000000003', 'f0000000-0000-0000-0000-000000000006', '00000000-0000-0000-0000-000000000003', '00000000-0000-0000-0000-000000000004', 10, 'success', NOW() - INTERVAL '18 days'),
('10000000-0000-0000-0000-000000000007', '00000000-0000-0000-0000-000000000001', 'd0000000-0000-0000-0000-000000000003', 'f0000000-0000-0000-0000-000000000007', '00000000-0000-0000-0000-000000000003', '00000000-0000-0000-0000-000000000004', 10, 'success', NOW() - INTERVAL '15 days'),
('10000000-0000-0000-0000-000000000008', '00000000-0000-0000-0000-000000000001', 'd0000000-0000-0000-0000-000000000003', 'f0000000-0000-0000-0000-000000000008', '00000000-0000-0000-0000-000000000003', '00000000-0000-0000-0000-000000000004', 10, 'success', NOW() - INTERVAL '14 days'),
('10000000-0000-0000-0000-000000000009', '00000000-0000-0000-0000-000000000001', 'd0000000-0000-0000-0000-000000000004', 'f0000000-0000-0000-0000-000000000009', '00000000-0000-0000-0000-000000000003', '00000000-0000-0000-0000-000000000004', 10, 'success', NOW() - INTERVAL '12 days'),
('10000000-0000-0000-0000-000000000010', '00000000-0000-0000-0000-000000000001', 'd0000000-0000-0000-0000-000000000004', 'f0000000-0000-0000-0000-000000000010', '00000000-0000-0000-0000-000000000003', '00000000-0000-0000-0000-000000000004', 10, 'success', NOW() - INTERVAL '10 days'),
('10000000-0000-0000-0000-000000000011', '00000000-0000-0000-0000-000000000001', 'd0000000-0000-0000-0000-000000000005', 'f0000000-0000-0000-0000-000000000011', '00000000-0000-0000-0000-000000000003', '00000000-0000-0000-0000-000000000004', 10, 'success', NOW() - INTERVAL '9 days'),
('10000000-0000-0000-0000-000000000012', '00000000-0000-0000-0000-000000000001', 'd0000000-0000-0000-0000-000000000005', 'f0000000-0000-0000-0000-000000000012', '00000000-0000-0000-0000-000000000003', '00000000-0000-0000-0000-000000000004', 15, 'success', NOW() - INTERVAL '8 days'),
('10000000-0000-0000-0000-000000000013', '00000000-0000-0000-0000-000000000001', 'd0000000-0000-0000-0000-000000000005', 'f0000000-0000-0000-0000-000000000013', '00000000-0000-0000-0000-000000000003', '00000000-0000-0000-0000-000000000004', 15, 'success', NOW() - INTERVAL '7 days'),
('10000000-0000-0000-0000-000000000014', '00000000-0000-0000-0000-000000000001', 'd0000000-0000-0000-0000-000000000006', 'f0000000-0000-0000-0000-000000000014', '00000000-0000-0000-0000-000000000003', '00000000-0000-0000-0000-000000000004', 10, 'success', NOW() - INTERVAL '6 days'),
('10000000-0000-0000-0000-000000000015', '00000000-0000-0000-0000-000000000001', 'd0000000-0000-0000-0000-000000000006', 'f0000000-0000-0000-0000-000000000015', '00000000-0000-0000-0000-000000000003', '00000000-0000-0000-0000-000000000004', 10, 'success', NOW() - INTERVAL '5 days'),
('10000000-0000-0000-0000-000000000016', '00000000-0000-0000-0000-000000000001', 'd0000000-0000-0000-0000-000000000007', 'f0000000-0000-0000-0000-000000000016', '00000000-0000-0000-0000-000000000003', '00000000-0000-0000-0000-000000000004', 15, 'success', NOW() - INTERVAL '4 days'),
('10000000-0000-0000-0000-000000000017', '00000000-0000-0000-0000-000000000001', 'd0000000-0000-0000-0000-000000000008', 'f0000000-0000-0000-0000-000000000017', '00000000-0000-0000-0000-000000000003', '00000000-0000-0000-0000-000000000004', 15, 'success', NOW() - INTERVAL '3 days'),
('10000000-0000-0000-0000-000000000018', '00000000-0000-0000-0000-000000000001', 'd0000000-0000-0000-0000-000000000009', 'f0000000-0000-0000-0000-000000000018', '00000000-0000-0000-0000-000000000003', '00000000-0000-0000-0000-000000000004', 15, 'success', NOW() - INTERVAL '3 days'),
('10000000-0000-0000-0000-000000000019', '00000000-0000-0000-0000-000000000001', 'd0000000-0000-0000-0000-000000000010', 'f0000000-0000-0000-0000-000000000019', '00000000-0000-0000-0000-000000000003', '00000000-0000-0000-0000-000000000004', 10, 'success', NOW() - INTERVAL '2 days'),
('10000000-0000-0000-0000-000000000020', '00000000-0000-0000-0000-000000000001', 'd0000000-0000-0000-0000-000000000011', 'f0000000-0000-0000-0000-000000000020', '00000000-0000-0000-0000-000000000003', '00000000-0000-0000-0000-000000000004', 10, 'success', NOW() - INTERVAL '2 days'),
('10000000-0000-0000-0000-000000000021', '00000000-0000-0000-0000-000000000001', 'd0000000-0000-0000-0000-000000000001', 'f0000000-0000-0000-0000-000000000021', '00000000-0000-0000-0000-000000000003', '00000000-0000-0000-0000-000000000004', 5, 'success', NOW() - INTERVAL '1 day'),
('10000000-0000-0000-0000-000000000022', '00000000-0000-0000-0000-000000000001', 'd0000000-0000-0000-0000-000000000002', 'f0000000-0000-0000-0000-000000000022', '00000000-0000-0000-0000-000000000003', '00000000-0000-0000-0000-000000000004', 5, 'success', NOW() - INTERVAL '1 day'),
('10000000-0000-0000-0000-000000000023', '00000000-0000-0000-0000-000000000001', 'd0000000-0000-0000-0000-000000000003', 'f0000000-0000-0000-0000-000000000023', '00000000-0000-0000-0000-000000000003', '00000000-0000-0000-0000-000000000004', 5, 'success', NOW() - INTERVAL '1 day'),
('10000000-0000-0000-0000-000000000024', '00000000-0000-0000-0000-000000000001', 'd0000000-0000-0000-0000-000000000004', 'f0000000-0000-0000-0000-000000000024', '00000000-0000-0000-0000-000000000003', '00000000-0000-0000-0000-000000000004', 5, 'success', NOW() - INTERVAL '12 hours'),
('10000000-0000-0000-0000-000000000025', '00000000-0000-0000-0000-000000000001', 'd0000000-0000-0000-0000-000000000005', 'f0000000-0000-0000-0000-000000000025', '00000000-0000-0000-0000-000000000003', '00000000-0000-0000-0000-000000000004', 5, 'success', NOW() - INTERVAL '6 hours')
ON CONFLICT DO NOTHING;

-- ============================================================
-- 8. Point Ledger (append-only, no UPDATE/DELETE)
-- User1: 35pts, User2: 25pts, User3: 35pts, User4: 25pts, User5: 45pts
-- User6: 20pts, User7: 15pts, User8: 15pts, User9: 15pts, User10: 10pts, User11: 10pts
-- ============================================================
INSERT INTO point_ledger (id, tenant_id, user_id, campaign_id, entry_type, amount, balance_after, currency, reference_type, reference_id, description, created_at) VALUES
-- User 1 (สมชาย) - 35 points total
('20000000-0000-0000-0000-000000000001', '00000000-0000-0000-0000-000000000001', 'd0000000-0000-0000-0000-000000000001', '00000000-0000-0000-0000-000000000003', 'credit', 10, 10, 'point', 'scan', '10000000-0000-0000-0000-000000000001', 'สแกน QR สินค้า ขมิ้นชัน', NOW() - INTERVAL '30 days'),
('20000000-0000-0000-0000-000000000002', '00000000-0000-0000-0000-000000000001', 'd0000000-0000-0000-0000-000000000001', '00000000-0000-0000-0000-000000000003', 'credit', 10, 20, 'point', 'scan', '10000000-0000-0000-0000-000000000002', 'สแกน QR สินค้า ขมิ้นชัน', NOW() - INTERVAL '28 days'),
('20000000-0000-0000-0000-000000000003', '00000000-0000-0000-0000-000000000001', 'd0000000-0000-0000-0000-000000000001', '00000000-0000-0000-0000-000000000003', 'credit', 10, 30, 'point', 'scan', '10000000-0000-0000-0000-000000000003', 'สแกน QR สินค้า ขมิ้นชัน', NOW() - INTERVAL '25 days'),
('20000000-0000-0000-0000-000000000021', '00000000-0000-0000-0000-000000000001', 'd0000000-0000-0000-0000-000000000001', '00000000-0000-0000-0000-000000000003', 'credit', 5, 35, 'point', 'scan', '10000000-0000-0000-0000-000000000021', 'สแกน QR สินค้า สบู่', NOW() - INTERVAL '1 day'),
-- User 2 (สมหญิง) - 25 points
('20000000-0000-0000-0000-000000000004', '00000000-0000-0000-0000-000000000001', 'd0000000-0000-0000-0000-000000000002', '00000000-0000-0000-0000-000000000003', 'credit', 10, 10, 'point', 'scan', '10000000-0000-0000-0000-000000000004', 'สแกน QR สินค้า กันแดด', NOW() - INTERVAL '22 days'),
('20000000-0000-0000-0000-000000000005', '00000000-0000-0000-0000-000000000001', 'd0000000-0000-0000-0000-000000000002', '00000000-0000-0000-0000-000000000003', 'credit', 10, 20, 'point', 'scan', '10000000-0000-0000-0000-000000000005', 'สแกน QR สินค้า กันแดด', NOW() - INTERVAL '20 days'),
('20000000-0000-0000-0000-000000000022', '00000000-0000-0000-0000-000000000001', 'd0000000-0000-0000-0000-000000000002', '00000000-0000-0000-0000-000000000003', 'credit', 5, 25, 'point', 'scan', '10000000-0000-0000-0000-000000000022', 'สแกน QR สินค้า สบู่', NOW() - INTERVAL '1 day'),
-- User 3 (วิชัย) - 35 points
('20000000-0000-0000-0000-000000000006', '00000000-0000-0000-0000-000000000001', 'd0000000-0000-0000-0000-000000000003', '00000000-0000-0000-0000-000000000003', 'credit', 10, 10, 'point', 'scan', '10000000-0000-0000-0000-000000000006', 'สแกน QR สินค้า แชมพู', NOW() - INTERVAL '18 days'),
('20000000-0000-0000-0000-000000000007', '00000000-0000-0000-0000-000000000001', 'd0000000-0000-0000-0000-000000000003', '00000000-0000-0000-0000-000000000003', 'credit', 10, 20, 'point', 'scan', '10000000-0000-0000-0000-000000000007', 'สแกน QR สินค้า แชมพู', NOW() - INTERVAL '15 days'),
('20000000-0000-0000-0000-000000000008', '00000000-0000-0000-0000-000000000001', 'd0000000-0000-0000-0000-000000000003', '00000000-0000-0000-0000-000000000003', 'credit', 10, 30, 'point', 'scan', '10000000-0000-0000-0000-000000000008', 'สแกน QR สินค้า แชมพู', NOW() - INTERVAL '14 days'),
('20000000-0000-0000-0000-000000000023', '00000000-0000-0000-0000-000000000001', 'd0000000-0000-0000-0000-000000000003', '00000000-0000-0000-0000-000000000003', 'credit', 5, 35, 'point', 'scan', '10000000-0000-0000-0000-000000000023', 'สแกน QR สินค้า สบู่', NOW() - INTERVAL '1 day'),
-- User 4 (นภา) - 25 points
('20000000-0000-0000-0000-000000000009', '00000000-0000-0000-0000-000000000001', 'd0000000-0000-0000-0000-000000000004', '00000000-0000-0000-0000-000000000003', 'credit', 10, 10, 'point', 'scan', '10000000-0000-0000-0000-000000000009', 'สแกน QR สินค้า น้ำมัน', NOW() - INTERVAL '12 days'),
('20000000-0000-0000-0000-000000000010', '00000000-0000-0000-0000-000000000001', 'd0000000-0000-0000-0000-000000000004', '00000000-0000-0000-0000-000000000003', 'credit', 10, 20, 'point', 'scan', '10000000-0000-0000-0000-000000000010', 'สแกน QR สินค้า น้ำมัน', NOW() - INTERVAL '10 days'),
('20000000-0000-0000-0000-000000000024', '00000000-0000-0000-0000-000000000001', 'd0000000-0000-0000-0000-000000000004', '00000000-0000-0000-0000-000000000003', 'credit', 5, 25, 'point', 'scan', '10000000-0000-0000-0000-000000000024', 'สแกน QR สินค้า สบู่', NOW() - INTERVAL '12 hours'),
-- User 5 (ธนา) - 45 points (top user)
('20000000-0000-0000-0000-000000000011', '00000000-0000-0000-0000-000000000001', 'd0000000-0000-0000-0000-000000000005', '00000000-0000-0000-0000-000000000003', 'credit', 10, 10, 'point', 'scan', '10000000-0000-0000-0000-000000000011', 'สแกน QR สินค้า ยาหม่อง', NOW() - INTERVAL '9 days'),
('20000000-0000-0000-0000-000000000012', '00000000-0000-0000-0000-000000000001', 'd0000000-0000-0000-0000-000000000005', '00000000-0000-0000-0000-000000000003', 'credit', 15, 25, 'point', 'scan', '10000000-0000-0000-0000-000000000012', 'สแกน QR สินค้า เซรั่ม', NOW() - INTERVAL '8 days'),
('20000000-0000-0000-0000-000000000013', '00000000-0000-0000-0000-000000000001', 'd0000000-0000-0000-0000-000000000005', '00000000-0000-0000-0000-000000000003', 'credit', 15, 40, 'point', 'scan', '10000000-0000-0000-0000-000000000013', 'สแกน QR สินค้า เซรั่ม', NOW() - INTERVAL '7 days'),
('20000000-0000-0000-0000-000000000025', '00000000-0000-0000-0000-000000000001', 'd0000000-0000-0000-0000-000000000005', '00000000-0000-0000-0000-000000000003', 'credit', 5, 45, 'point', 'scan', '10000000-0000-0000-0000-000000000025', 'สแกน QR สินค้า สบู่', NOW() - INTERVAL '6 hours'),
-- User 6-11 - 10-20 points each
('20000000-0000-0000-0000-000000000014', '00000000-0000-0000-0000-000000000001', 'd0000000-0000-0000-0000-000000000006', '00000000-0000-0000-0000-000000000003', 'credit', 10, 10, 'point', 'scan', '10000000-0000-0000-0000-000000000014', 'สแกน QR สินค้า โลชั่น', NOW() - INTERVAL '6 days'),
('20000000-0000-0000-0000-000000000015', '00000000-0000-0000-0000-000000000001', 'd0000000-0000-0000-0000-000000000006', '00000000-0000-0000-0000-000000000003', 'credit', 10, 20, 'point', 'scan', '10000000-0000-0000-0000-000000000015', 'สแกน QR สินค้า โลชั่น', NOW() - INTERVAL '5 days'),
('20000000-0000-0000-0000-000000000016', '00000000-0000-0000-0000-000000000001', 'd0000000-0000-0000-0000-000000000007', '00000000-0000-0000-0000-000000000003', 'credit', 15, 15, 'point', 'scan', '10000000-0000-0000-0000-000000000016', 'สแกน QR สินค้า เซรั่ม', NOW() - INTERVAL '4 days'),
('20000000-0000-0000-0000-000000000017', '00000000-0000-0000-0000-000000000001', 'd0000000-0000-0000-0000-000000000008', '00000000-0000-0000-0000-000000000003', 'credit', 15, 15, 'point', 'scan', '10000000-0000-0000-0000-000000000017', 'สแกน QR สินค้า เซรั่ม', NOW() - INTERVAL '3 days'),
('20000000-0000-0000-0000-000000000018', '00000000-0000-0000-0000-000000000001', 'd0000000-0000-0000-0000-000000000009', '00000000-0000-0000-0000-000000000003', 'credit', 15, 15, 'point', 'scan', '10000000-0000-0000-0000-000000000018', 'สแกน QR สินค้า เซรั่ม', NOW() - INTERVAL '3 days'),
('20000000-0000-0000-0000-000000000019', '00000000-0000-0000-0000-000000000001', 'd0000000-0000-0000-0000-000000000010', '00000000-0000-0000-0000-000000000003', 'credit', 10, 10, 'point', 'scan', '10000000-0000-0000-0000-000000000019', 'สแกน QR สินค้า ชา', NOW() - INTERVAL '2 days'),
('20000000-0000-0000-0000-000000000020', '00000000-0000-0000-0000-000000000001', 'd0000000-0000-0000-0000-000000000011', '00000000-0000-0000-0000-000000000003', 'credit', 10, 10, 'point', 'scan', '10000000-0000-0000-0000-000000000020', 'สแกน QR สินค้า ชา', NOW() - INTERVAL '2 days')
ON CONFLICT DO NOTHING;

-- ============================================================
-- 9. More Rewards (add variety)
-- ============================================================
INSERT INTO rewards (id, tenant_id, campaign_id, name, description, type, point_cost, cost_currency, image_url, delivery_type, status, tier_id) VALUES
('00000000-0000-0000-0000-000000000007', '00000000-0000-0000-0000-000000000001', '00000000-0000-0000-0000-000000000003', 'คูปองส่วนลด 50 บาท', 'ส่วนลด 50 บาท สำหรับซื้อสินค้าครั้งถัดไป', 'coupon', 30, 'point', 'https://placehold.co/300x300/ff8c42/white?text=50฿+OFF', 'coupon', 'active', NULL),
('00000000-0000-0000-0000-000000000008', '00000000-0000-0000-0000-000000000001', '00000000-0000-0000-0000-000000000003', 'เซรั่มคอลลาเจน ขนาดทดลอง', 'เซรั่มคอลลาเจน 10ml สำหรับทดลองใช้', 'product', 80, 'point', 'https://placehold.co/300x300/e84393/white?text=เซรั่ม+Free', 'shipping', 'active', NULL),
('00000000-0000-0000-0000-000000000009', '00000000-0000-0000-0000-000000000001', '00000000-0000-0000-0000-000000000003', 'กระเป๋าผ้า Jula Herb', 'กระเป๋าผ้าลดโลกร้อน พิมพ์ลาย Jula Herb', 'product', 150, 'point', 'https://placehold.co/300x300/2d6a4f/white?text=Tote+Bag', 'shipping', 'active', NULL),
('00000000-0000-0000-0000-000000000010', '00000000-0000-0000-0000-000000000001', '00000000-0000-0000-0000-000000000003', 'คูปองส่วนลด 100 บาท', 'ส่วนลด 100 บาท สำหรับสมาชิก Silver ขึ้นไป', 'coupon', 60, 'point', 'https://placehold.co/300x300/ffc107/white?text=100฿+OFF', 'coupon', 'active', 'b0000000-0000-0000-0000-000000000002'),
('00000000-0000-0000-0000-000000000011', '00000000-0000-0000-0000-000000000001', '00000000-0000-0000-0000-000000000003', 'ชุดของขวัญ Premium Set', 'ชุดของขวัญสมุนไพร 5 ชิ้น กล่องสวยหรู', 'product', 300, 'point', 'https://placehold.co/300x300/7c5cbf/white?text=Premium+Set', 'shipping', 'active', 'b0000000-0000-0000-0000-000000000003'),
('00000000-0000-0000-0000-000000000012', '00000000-0000-0000-0000-000000000001', '00000000-0000-0000-0000-000000000003', 'แต้มพิเศษ x2 (7 วัน)', 'ได้รับแต้มเพิ่ม 2 เท่า เป็นเวลา 7 วัน', 'coupon', 100, 'point', 'https://placehold.co/300x300/00b894/white?text=x2+Points', 'digital', 'active', NULL),
-- Flash sale reward
('00000000-0000-0000-0000-000000000013', '00000000-0000-0000-0000-000000000001', '00000000-0000-0000-0000-000000000003', 'Flash! สบู่มะขาม 3 ก้อน', 'โปรพิเศษ! สบู่มะขาม 3 ก้อน ราคาแต้มพิเศษ', 'product', 25, 'point', 'https://placehold.co/300x300/e84393/white?text=FLASH+SALE', 'shipping', 'active', NULL)
ON CONFLICT DO NOTHING;

-- Update flash sale timing
UPDATE rewards SET is_flash = TRUE, flash_start = NOW() - INTERVAL '1 day', flash_end = NOW() + INTERVAL '6 days' WHERE id = '00000000-0000-0000-0000-000000000013';

-- Inventory for new rewards
INSERT INTO reward_inventory (reward_id, total_qty, reserved_qty, sold_qty) VALUES
('00000000-0000-0000-0000-000000000007', 500, 0, 3),
('00000000-0000-0000-0000-000000000008', 200, 0, 1),
('00000000-0000-0000-0000-000000000009', 100, 0, 0),
('00000000-0000-0000-0000-000000000010', 300, 0, 0),
('00000000-0000-0000-0000-000000000011', 50, 0, 0),
('00000000-0000-0000-0000-000000000012', 999, 0, 2),
('00000000-0000-0000-0000-000000000013', 30, 0, 5)
ON CONFLICT DO NOTHING;

-- ============================================================
-- 10. News / Banners
-- ============================================================
INSERT INTO news (id, tenant_id, title, content, image_url, link_url, position, type, status, published_at) VALUES
('30000000-0000-0000-0000-000000000001', '00000000-0000-0000-0000-000000000001', 'โปรสุดคุ้ม! สแกนครบ 5 ชิ้น รับโบนัส 50 แต้ม', 'สแกน QR Code บนสินค้าจุฬาเฮิร์บครบ 5 ชิ้นภายในเดือนนี้ รับโบนัสแต้มเพิ่ม 50 แต้มทันที!', 'https://placehold.co/800x400/2d6a4f/white?text=โปรสแกน+5+ชิ้น', NULL, 1, 'banner', 'published', NOW() - INTERVAL '5 days'),
('30000000-0000-0000-0000-000000000002', '00000000-0000-0000-0000-000000000001', 'สินค้าใหม่! เจลล้างหน้าสมุนไพร', 'เปิดตัวเจลล้างหน้าสูตรใหม่ ผสมชาเขียวและว่านหางจระเข้ อ่อนโยนต่อทุกสภาพผิว', 'https://placehold.co/800x400/e84393/white?text=เจลล้างหน้า+ใหม่', NULL, 2, 'banner', 'published', NOW() - INTERVAL '3 days'),
('30000000-0000-0000-0000-000000000003', '00000000-0000-0000-0000-000000000001', 'Flash Sale! แลกแต้มลด 50%', 'วันนี้ - อาทิตย์นี้เท่านั้น! แลกแต้มสำหรับรางวัลพิเศษ ลดครึ่งราคา', 'https://placehold.co/800x400/ff8c42/white?text=Flash+Sale+50%25', NULL, 3, 'banner', 'published', NOW() - INTERVAL '1 day'),
('30000000-0000-0000-0000-000000000004', '00000000-0000-0000-0000-000000000001', 'กิจกรรมบริจาคแต้มเพื่อน้อง', 'ร่วมบริจาคแต้มสะสมเพื่อสนับสนุนทุนการศึกษาเด็กด้อยโอกาส ทุก 1 แต้ม = 1 บาท', NULL, NULL, 0, 'news', 'published', NOW() - INTERVAL '7 days'),
('30000000-0000-0000-0000-000000000005', '00000000-0000-0000-0000-000000000001', 'อัพเดทระดับสมาชิกใหม่ Diamond!', 'เพิ่มระดับ Diamond สำหรับสมาชิกที่มีแต้มสะสม 10,000 ขึ้นไป พร้อมสิทธิพิเศษมากมาย', NULL, NULL, 0, 'news', 'published', NOW() - INTERVAL '10 days'),
('30000000-0000-0000-0000-000000000006', '00000000-0000-0000-0000-000000000001', 'เคล็ดลับดูแลผิวหน้าฤดูร้อน', 'รู้หรือไม่? ครีมกันแดด SPF50 ของจุฬาเฮิร์บ ผสมสมุนไพรธรรมชาติ ปกป้องผิวอย่างอ่อนโยน', NULL, NULL, 0, 'news', 'published', NOW() - INTERVAL '14 days')
ON CONFLICT DO NOTHING;

-- ============================================================
-- 11. Missions (Gamification)
-- ============================================================
INSERT INTO missions (id, tenant_id, title, description, image_url, type, condition, reward_type, reward_points, reward_currency, start_date, end_date, active, sort_order) VALUES
('40000000-0000-0000-0000-000000000001', '00000000-0000-0000-0000-000000000001', 'นักสแกนมือใหม่', 'สแกน QR Code ครบ 3 ครั้ง', 'https://placehold.co/200x200/2d6a4f/white?text=3+Scans', 'count', '{"action": "scan", "target": 3}'::jsonb, 'points', 20, 'point', NOW() - INTERVAL '30 days', NOW() + INTERVAL '60 days', TRUE, 1),
('40000000-0000-0000-0000-000000000002', '00000000-0000-0000-0000-000000000001', 'นักสะสมตัวยง', 'สแกน QR Code ครบ 10 ครั้ง', 'https://placehold.co/200x200/ff8c42/white?text=10+Scans', 'count', '{"action": "scan", "target": 10}'::jsonb, 'both', 50, 'point', NOW() - INTERVAL '30 days', NOW() + INTERVAL '60 days', TRUE, 2),
('40000000-0000-0000-0000-000000000003', '00000000-0000-0000-0000-000000000001', 'สะสมแต้ม 100', 'สะสมแต้มให้ครบ 100 แต้ม', 'https://placehold.co/200x200/7c5cbf/white?text=100+pts', 'total_points', '{"target": 100}'::jsonb, 'points', 30, 'point', NOW() - INTERVAL '30 days', NOW() + INTERVAL '90 days', TRUE, 3),
('40000000-0000-0000-0000-000000000004', '00000000-0000-0000-0000-000000000001', 'สแกนติดต่อ 3 วัน', 'สแกน QR Code ติดต่อกัน 3 วัน', 'https://placehold.co/200x200/e84393/white?text=3+Days', 'streak', '{"action": "scan", "target": 3}'::jsonb, 'points', 25, 'point', NOW() - INTERVAL '30 days', NOW() + INTERVAL '60 days', TRUE, 4),
('40000000-0000-0000-0000-000000000005', '00000000-0000-0000-0000-000000000001', 'กรอกโปรไฟล์ครบ', 'กรอกข้อมูลโปรไฟล์ให้ครบถ้วน', 'https://placehold.co/200x200/00b894/white?text=Profile', 'custom', '{"action": "profile_complete"}'::jsonb, 'points', 15, 'point', NULL, NULL, TRUE, 5)
ON CONFLICT DO NOTHING;

-- User Missions progress
INSERT INTO user_missions (id, user_id, mission_id, tenant_id, progress, target, completed, completed_at, rewarded) VALUES
-- User1 has completed mission 1 (3 scans)
('41000000-0000-0000-0000-000000000001', 'd0000000-0000-0000-0000-000000000001', '40000000-0000-0000-0000-000000000001', '00000000-0000-0000-0000-000000000001', 3, 3, TRUE, NOW() - INTERVAL '25 days', TRUE),
-- User1 is progressing on mission 2 (4/10 scans)
('41000000-0000-0000-0000-000000000002', 'd0000000-0000-0000-0000-000000000001', '40000000-0000-0000-0000-000000000002', '00000000-0000-0000-0000-000000000001', 4, 10, FALSE, NULL, FALSE),
-- User5 has completed mission 1
('41000000-0000-0000-0000-000000000003', 'd0000000-0000-0000-0000-000000000005', '40000000-0000-0000-0000-000000000001', '00000000-0000-0000-0000-000000000001', 3, 3, TRUE, NOW() - INTERVAL '7 days', TRUE),
-- User5 is progressing on mission 2 (3/10)
('41000000-0000-0000-0000-000000000004', 'd0000000-0000-0000-0000-000000000005', '40000000-0000-0000-0000-000000000002', '00000000-0000-0000-0000-000000000001', 3, 10, FALSE, NULL, FALSE),
-- User3 has completed mission 1
('41000000-0000-0000-0000-000000000005', 'd0000000-0000-0000-0000-000000000003', '40000000-0000-0000-0000-000000000001', '00000000-0000-0000-0000-000000000001', 3, 3, TRUE, NOW() - INTERVAL '14 days', TRUE),
-- User2 is progressing on mission 1 (2/3)
('41000000-0000-0000-0000-000000000006', 'd0000000-0000-0000-0000-000000000002', '40000000-0000-0000-0000-000000000001', '00000000-0000-0000-0000-000000000001', 2, 3, FALSE, NULL, FALSE)
ON CONFLICT DO NOTHING;

-- ============================================================
-- 12. Badges
-- ============================================================
INSERT INTO badges (id, tenant_id, code, name, description, icon_url, rarity, sort_order, active) VALUES
('50000000-0000-0000-0000-000000000001', '00000000-0000-0000-0000-000000000001', 'first_scan', 'นักสแกนมือใหม่', 'สแกน QR Code ครั้งแรกสำเร็จ', 'https://placehold.co/100x100/2d6a4f/white?text=🌱', 'common', 1, TRUE),
('50000000-0000-0000-0000-000000000002', '00000000-0000-0000-0000-000000000001', 'scan_master', 'ราชาสแกน', 'สแกนครบ 10 ครั้ง', 'https://placehold.co/100x100/ff8c42/white?text=⭐', 'uncommon', 2, TRUE),
('50000000-0000-0000-0000-000000000003', '00000000-0000-0000-0000-000000000001', 'collector', 'นักสะสม', 'สะสมแต้มครบ 100', 'https://placehold.co/100x100/7c5cbf/white?text=💎', 'rare', 3, TRUE),
('50000000-0000-0000-0000-000000000004', '00000000-0000-0000-0000-000000000001', 'early_bird', 'สมาชิกรุ่นแรก', 'สมัครสมาชิกในช่วงเปิดตัว', 'https://placehold.co/100x100/ffc107/white?text=🏆', 'epic', 4, TRUE),
('50000000-0000-0000-0000-000000000005', '00000000-0000-0000-0000-000000000001', 'streak_3', 'สแกนต่อเนื่อง', 'สแกนติดต่อกัน 3 วัน', 'https://placehold.co/100x100/e84393/white?text=🔥', 'uncommon', 5, TRUE)
ON CONFLICT DO NOTHING;

-- User Badges
INSERT INTO user_badges (id, user_id, badge_id, tenant_id, earned_at) VALUES
('51000000-0000-0000-0000-000000000001', 'd0000000-0000-0000-0000-000000000001', '50000000-0000-0000-0000-000000000001', '00000000-0000-0000-0000-000000000001', NOW() - INTERVAL '30 days'),
('51000000-0000-0000-0000-000000000002', 'd0000000-0000-0000-0000-000000000001', '50000000-0000-0000-0000-000000000004', '00000000-0000-0000-0000-000000000001', NOW() - INTERVAL '30 days'),
('51000000-0000-0000-0000-000000000003', 'd0000000-0000-0000-0000-000000000002', '50000000-0000-0000-0000-000000000001', '00000000-0000-0000-0000-000000000001', NOW() - INTERVAL '22 days'),
('51000000-0000-0000-0000-000000000004', 'd0000000-0000-0000-0000-000000000003', '50000000-0000-0000-0000-000000000001', '00000000-0000-0000-0000-000000000001', NOW() - INTERVAL '18 days'),
('51000000-0000-0000-0000-000000000005', 'd0000000-0000-0000-0000-000000000005', '50000000-0000-0000-0000-000000000001', '00000000-0000-0000-0000-000000000001', NOW() - INTERVAL '9 days'),
('51000000-0000-0000-0000-000000000006', 'd0000000-0000-0000-0000-000000000005', '50000000-0000-0000-0000-000000000004', '00000000-0000-0000-0000-000000000001', NOW() - INTERVAL '9 days')
ON CONFLICT DO NOTHING;

-- ============================================================
-- 13. Leaderboard (March 2026)
-- ============================================================
INSERT INTO leaderboard (id, tenant_id, user_id, period, period_key, category, score, rank) VALUES
-- Monthly scans
('60000000-0000-0000-0000-000000000001', '00000000-0000-0000-0000-000000000001', 'd0000000-0000-0000-0000-000000000005', 'monthly', '2026-03', 'scans', 4, 1),
('60000000-0000-0000-0000-000000000002', '00000000-0000-0000-0000-000000000001', 'd0000000-0000-0000-0000-000000000001', 'monthly', '2026-03', 'scans', 4, 2),
('60000000-0000-0000-0000-000000000003', '00000000-0000-0000-0000-000000000001', 'd0000000-0000-0000-0000-000000000003', 'monthly', '2026-03', 'scans', 4, 3),
('60000000-0000-0000-0000-000000000004', '00000000-0000-0000-0000-000000000001', 'd0000000-0000-0000-0000-000000000002', 'monthly', '2026-03', 'scans', 3, 4),
('60000000-0000-0000-0000-000000000005', '00000000-0000-0000-0000-000000000001', 'd0000000-0000-0000-0000-000000000004', 'monthly', '2026-03', 'scans', 3, 5),
('60000000-0000-0000-0000-000000000006', '00000000-0000-0000-0000-000000000001', 'd0000000-0000-0000-0000-000000000006', 'monthly', '2026-03', 'scans', 2, 6),
('60000000-0000-0000-0000-000000000007', '00000000-0000-0000-0000-000000000001', 'd0000000-0000-0000-0000-000000000007', 'monthly', '2026-03', 'scans', 1, 7),
('60000000-0000-0000-0000-000000000008', '00000000-0000-0000-0000-000000000001', 'd0000000-0000-0000-0000-000000000008', 'monthly', '2026-03', 'scans', 1, 8),
-- Monthly points
('60000000-0000-0000-0000-000000000011', '00000000-0000-0000-0000-000000000001', 'd0000000-0000-0000-0000-000000000005', 'monthly', '2026-03', 'points', 45, 1),
('60000000-0000-0000-0000-000000000012', '00000000-0000-0000-0000-000000000001', 'd0000000-0000-0000-0000-000000000001', 'monthly', '2026-03', 'points', 35, 2),
('60000000-0000-0000-0000-000000000013', '00000000-0000-0000-0000-000000000001', 'd0000000-0000-0000-0000-000000000003', 'monthly', '2026-03', 'points', 35, 3),
('60000000-0000-0000-0000-000000000014', '00000000-0000-0000-0000-000000000001', 'd0000000-0000-0000-0000-000000000002', 'monthly', '2026-03', 'points', 25, 4),
('60000000-0000-0000-0000-000000000015', '00000000-0000-0000-0000-000000000001', 'd0000000-0000-0000-0000-000000000004', 'monthly', '2026-03', 'points', 25, 5)
ON CONFLICT DO NOTHING;

-- ============================================================
-- 14. Lucky Draw Campaign
-- ============================================================
INSERT INTO lucky_draw_campaigns (id, tenant_id, title, description, image_url, cost_points, max_tickets_per_user, total_tickets, status, registration_start, registration_end, draw_date) VALUES
('70000000-0000-0000-0000-000000000001', '00000000-0000-0000-0000-000000000001', 'จับสลากรับโชค ประจำเดือนมีนาคม', 'ใช้แต้มแลกสิทธิ์จับสลาก ลุ้นรับรางวัลสุดพิเศษ!', 'https://placehold.co/400x400/ffc107/white?text=Lucky+Draw', 10, 3, 100, 'active', NOW() - INTERVAL '10 days', NOW() + INTERVAL '20 days', NOW() + INTERVAL '25 days'),
('70000000-0000-0000-0000-000000000002', '00000000-0000-0000-0000-000000000001', 'จับสลากพิเศษ สงกรานต์ 2026', 'จับสลากพิเศษเทศกาลสงกรานต์ รางวัลใหญ่ที่สุดแห่งปี!', 'https://placehold.co/400x400/e84393/white?text=สงกรานต์+Draw', 20, 5, 200, 'draft', NOW() + INTERVAL '25 days', NOW() + INTERVAL '45 days', NOW() + INTERVAL '50 days')
ON CONFLICT DO NOTHING;

-- Lucky Draw Prizes
INSERT INTO lucky_draw_prizes (id, campaign_id, name, description, image_url, quantity, prize_order) VALUES
('71000000-0000-0000-0000-000000000001', '70000000-0000-0000-0000-000000000001', 'รางวัลที่ 1: iPhone 16', 'iPhone 16 128GB มูลค่า 35,900 บาท', 'https://placehold.co/200x200/333/white?text=iPhone+16', 1, 1),
('71000000-0000-0000-0000-000000000002', '70000000-0000-0000-0000-000000000001', 'รางวัลที่ 2: บัตรเงินสด 1,000 บาท', 'บัตรเงินสด Central 1,000 บาท', 'https://placehold.co/200x200/ff8c42/white?text=1000฿', 5, 2),
('71000000-0000-0000-0000-000000000003', '70000000-0000-0000-0000-000000000001', 'รางวัลที่ 3: ชุดสมุนไพร Premium', 'ชุดสมุนไพรจุฬาเฮิร์บ มูลค่า 500 บาท', 'https://placehold.co/200x200/2d6a4f/white?text=Premium+Set', 10, 3),
('71000000-0000-0000-0000-000000000004', '70000000-0000-0000-0000-000000000001', 'รางวัลปลอบใจ: คูปองส่วนลด 50 บาท', 'คูปองส่วนลด 50 บาท สำหรับซื้อสินค้า', 'https://placehold.co/200x200/ffc107/white?text=50฿+Coupon', 50, 4)
ON CONFLICT DO NOTHING;

-- Lucky Draw Tickets
INSERT INTO lucky_draw_tickets (id, campaign_id, user_id, ticket_number, points_spent) VALUES
('72000000-0000-0000-0000-000000000001', '70000000-0000-0000-0000-000000000001', 'd0000000-0000-0000-0000-000000000001', 'LD-2026-0001', 10),
('72000000-0000-0000-0000-000000000002', '70000000-0000-0000-0000-000000000001', 'd0000000-0000-0000-0000-000000000001', 'LD-2026-0002', 10),
('72000000-0000-0000-0000-000000000003', '70000000-0000-0000-0000-000000000001', 'd0000000-0000-0000-0000-000000000005', 'LD-2026-0003', 10),
('72000000-0000-0000-0000-000000000004', '70000000-0000-0000-0000-000000000001', 'd0000000-0000-0000-0000-000000000003', 'LD-2026-0004', 10)
ON CONFLICT DO NOTHING;

-- ============================================================
-- 15. Donations
-- ============================================================
INSERT INTO donations (id, tenant_id, title, description, image_url, target_points, collected_points, status, start_date, end_date) VALUES
('80000000-0000-0000-0000-000000000001', '00000000-0000-0000-0000-000000000001', 'บริจาคแต้มเพื่อทุนการศึกษา', 'ร่วมบริจาคแต้มสะสมเพื่อมอบทุนการศึกษาให้เด็กด้อยโอกาส ทุก 1 แต้ม = 1 บาท', 'https://placehold.co/400x300/2d6a4f/white?text=ทุนการศึกษา', 5000, 350, 'active', NOW() - INTERVAL '15 days', NOW() + INTERVAL '45 days'),
('80000000-0000-0000-0000-000000000002', '00000000-0000-0000-0000-000000000001', 'ปลูกป่าเพื่อโลกสีเขียว', 'บริจาคแต้มร่วมปลูกต้นไม้ ทุก 10 แต้ม = ต้นไม้ 1 ต้น', 'https://placehold.co/400x300/00b894/white?text=ปลูกป่า', 10000, 1200, 'active', NOW() - INTERVAL '30 days', NOW() + INTERVAL '60 days')
ON CONFLICT DO NOTHING;

-- Donation Histories
INSERT INTO donation_histories (id, donation_id, user_id, tenant_id, points) VALUES
('81000000-0000-0000-0000-000000000001', '80000000-0000-0000-0000-000000000001', 'd0000000-0000-0000-0000-000000000001', '00000000-0000-0000-0000-000000000001', 50),
('81000000-0000-0000-0000-000000000002', '80000000-0000-0000-0000-000000000001', 'd0000000-0000-0000-0000-000000000005', '00000000-0000-0000-0000-000000000001', 100),
('81000000-0000-0000-0000-000000000003', '80000000-0000-0000-0000-000000000002', 'd0000000-0000-0000-0000-000000000003', '00000000-0000-0000-0000-000000000001', 200),
('81000000-0000-0000-0000-000000000004', '80000000-0000-0000-0000-000000000002', 'd0000000-0000-0000-0000-000000000001', '00000000-0000-0000-0000-000000000001', 100)
ON CONFLICT DO NOTHING;

-- ============================================================
-- 16. Notifications
-- ============================================================
INSERT INTO notifications (id, tenant_id, user_id, type, title, body, ref_type, ref_id, read_at, created_at) VALUES
('90000000-0000-0000-0000-000000000001', '00000000-0000-0000-0000-000000000001', 'd0000000-0000-0000-0000-000000000001', 'points', 'ได้รับแต้ม +10', 'คุณได้รับ 10 แต้มจากการสแกน QR Code สินค้าขมิ้นชัน', 'scan', '10000000-0000-0000-0000-000000000001', NOW() - INTERVAL '29 days', NOW() - INTERVAL '30 days'),
('90000000-0000-0000-0000-000000000002', '00000000-0000-0000-0000-000000000001', 'd0000000-0000-0000-0000-000000000001', 'campaign', 'ภารกิจสำเร็จ!', 'ยินดีด้วย! คุณทำภารกิจ "นักสแกนมือใหม่" สำเร็จแล้ว', 'mission', '40000000-0000-0000-0000-000000000001', NOW() - INTERVAL '24 days', NOW() - INTERVAL '25 days'),
('90000000-0000-0000-0000-000000000003', '00000000-0000-0000-0000-000000000001', 'd0000000-0000-0000-0000-000000000001', 'system', 'ยินดีต้อนรับ!', 'ยินดีต้อนรับสู่ Jula Herb สะสมแต้ม แลกสิทธิพิเศษ', NULL, NULL, NOW() - INTERVAL '29 days', NOW() - INTERVAL '30 days'),
('90000000-0000-0000-0000-000000000004', '00000000-0000-0000-0000-000000000001', 'd0000000-0000-0000-0000-000000000001', 'campaign', 'Flash Sale เริ่มแล้ว!', 'รีบแลกแต้ม! สบู่มะขาม 3 ก้อน ราคาพิเศษ 25 แต้มเท่านั้น', 'reward', '00000000-0000-0000-0000-000000000013', NULL, NOW() - INTERVAL '1 day'),
('90000000-0000-0000-0000-000000000005', '00000000-0000-0000-0000-000000000001', 'd0000000-0000-0000-0000-000000000005', 'points', 'ได้รับแต้ม +15', 'คุณได้รับ 15 แต้มจากการสแกน QR Code เซรั่มคอลลาเจน', 'scan', '10000000-0000-0000-0000-000000000012', NULL, NOW() - INTERVAL '8 days'),
('90000000-0000-0000-0000-000000000006', '00000000-0000-0000-0000-000000000001', 'd0000000-0000-0000-0000-000000000005', 'campaign', 'จับสลากเปิดให้ลงทะเบียนแล้ว!', 'จับสลากรับโชค ประจำเดือนมีนาคม ใช้ 10 แต้มต่อ 1 สิทธิ์', 'lucky_draw', '70000000-0000-0000-0000-000000000001', NULL, NOW() - INTERVAL '10 days'),
('90000000-0000-0000-0000-000000000007', '00000000-0000-0000-0000-000000000001', 'd0000000-0000-0000-0000-000000000002', 'info', 'โปรสุดคุ้ม!', 'สแกนครบ 5 ชิ้น รับโบนัส 50 แต้ม ถึงสิ้นเดือนนี้', NULL, NULL, NULL, NOW() - INTERVAL '5 days'),
('90000000-0000-0000-0000-000000000008', '00000000-0000-0000-0000-000000000001', 'd0000000-0000-0000-0000-000000000003', 'points', 'ได้รับแต้ม +10', 'คุณได้รับ 10 แต้มจากการสแกน QR Code แชมพูอัญชัน', 'scan', '10000000-0000-0000-0000-000000000006', NOW() - INTERVAL '17 days', NOW() - INTERVAL '18 days'),
('90000000-0000-0000-0000-000000000009', '00000000-0000-0000-0000-000000000001', 'd0000000-0000-0000-0000-000000000001', 'reward', 'แลกรางวัลสำเร็จ!', 'คุณแลกรางวัล "คูปองส่วนลด 50 บาท" สำเร็จแล้ว', 'reward_reservation', '91000000-0000-0000-0000-000000000001', NULL, NOW() - INTERVAL '20 days'),
('90000000-0000-0000-0000-000000000010', '00000000-0000-0000-0000-000000000001', 'd0000000-0000-0000-0000-000000000004', 'system', 'ยินดีต้อนรับ!', 'ยินดีต้อนรับสู่ Jula Herb สะสมแต้ม แลกสิทธิพิเศษ', NULL, NULL, NOW() - INTERVAL '11 days', NOW() - INTERVAL '12 days')
ON CONFLICT DO NOTHING;

-- ============================================================
-- 17. Reward Reservations (redemption history)
-- ============================================================
INSERT INTO reward_reservations (id, user_id, reward_id, tenant_id, status, coupon_code, expires_at, confirmed_at, created_at) VALUES
('91000000-0000-0000-0000-000000000001', 'd0000000-0000-0000-0000-000000000001', '00000000-0000-0000-0000-000000000007', '00000000-0000-0000-0000-000000000001', 'CONFIRMED', 'JH-DISC-001', NOW() + INTERVAL '30 days', NOW() - INTERVAL '20 days', NOW() - INTERVAL '20 days'),
('91000000-0000-0000-0000-000000000002', 'd0000000-0000-0000-0000-000000000005', '00000000-0000-0000-0000-000000000012', '00000000-0000-0000-0000-000000000001', 'CONFIRMED', NULL, NOW() + INTERVAL '7 days', NOW() - INTERVAL '5 days', NOW() - INTERVAL '5 days'),
('91000000-0000-0000-0000-000000000003', 'd0000000-0000-0000-0000-000000000003', '00000000-0000-0000-0000-000000000007', '00000000-0000-0000-0000-000000000001', 'CONFIRMED', 'JH-DISC-002', NOW() + INTERVAL '25 days', NOW() - INTERVAL '10 days', NOW() - INTERVAL '10 days'),
('91000000-0000-0000-0000-000000000004', 'd0000000-0000-0000-0000-000000000006', '00000000-0000-0000-0000-000000000005', '00000000-0000-0000-0000-000000000001', 'COMPLETED', 'JH-COFFEE-001', NOW() + INTERVAL '15 days', NOW() - INTERVAL '3 days', NOW() - INTERVAL '3 days')
ON CONFLICT DO NOTHING;

-- ============================================================
-- 18. Promotions
-- ============================================================
INSERT INTO promotions (id, tenant_id, name, description, bonus_points, bonus_type, start_date, end_date, apply_to, status) VALUES
('a1000000-0000-0000-0000-000000000001', '00000000-0000-0000-0000-000000000001', 'แต้มคูณ 2 สินค้าเซรั่ม', 'ได้รับแต้มเพิ่ม 2 เท่า สำหรับสินค้าเซรั่มคอลลาเจน', 0, 'multiplier', NOW() - INTERVAL '7 days', NOW() + INTERVAL '23 days', 'selected', 'active'),
('a1000000-0000-0000-0000-000000000002', '00000000-0000-0000-0000-000000000001', 'โบนัส 5 แต้ม สินค้าใหม่', 'รับโบนัสเพิ่ม 5 แต้ม สำหรับสินค้าเจลล้างหน้า', 5, 'fixed', NOW() - INTERVAL '3 days', NOW() + INTERVAL '27 days', 'selected', 'active'),
('a1000000-0000-0000-0000-000000000003', '00000000-0000-0000-0000-000000000001', 'โปรสงกรานต์ แต้ม x3', 'แต้ม x3 ทุกสินค้า ช่วงเทศกาลสงกรานต์', 0, 'multiplier', NOW() + INTERVAL '25 days', NOW() + INTERVAL '35 days', 'all_products', 'draft')
ON CONFLICT DO NOTHING;

-- Promotion bonus rules
INSERT INTO promotion_bonus_rules (id, promotion_id, product_id, currency, bonus_type, bonus_amount) VALUES
('a2000000-0000-0000-0000-000000000001', 'a1000000-0000-0000-0000-000000000001', 'c0000000-0000-0000-0000-000000000002', 'point', 'multiplier', 2),
('a2000000-0000-0000-0000-000000000002', 'a1000000-0000-0000-0000-000000000002', 'c0000000-0000-0000-0000-000000000010', 'point', 'fixed', 5)
ON CONFLICT DO NOTHING;

-- Promotion products link
INSERT INTO promotion_products (promotion_id, product_id) VALUES
('a1000000-0000-0000-0000-000000000001', 'c0000000-0000-0000-0000-000000000002'),
('a1000000-0000-0000-0000-000000000002', 'c0000000-0000-0000-0000-000000000010')
ON CONFLICT DO NOTHING;

-- ============================================================
-- 19. Nav Menus
-- ============================================================
INSERT INTO nav_menus (id, tenant_id, menu_type, items) VALUES
('b1000000-0000-0000-0000-000000000001', '00000000-0000-0000-0000-000000000001', 'bottom_nav', '[
  {"icon": "home", "label": "หน้าแรก", "path": "/", "order": 1},
  {"icon": "gift", "label": "รางวัล", "path": "/rewards", "order": 2},
  {"icon": "scan", "label": "สแกน", "path": "/scan", "order": 3},
  {"icon": "clock", "label": "ประวัติ", "path": "/history", "order": 4},
  {"icon": "user", "label": "โปรไฟล์", "path": "/profile", "order": 5}
]'::jsonb),
('b1000000-0000-0000-0000-000000000002', '00000000-0000-0000-0000-000000000001', 'drawer', '[
  {"icon": "home", "label": "หน้าแรก", "path": "/"},
  {"icon": "gift", "label": "แลกรางวัล", "path": "/rewards"},
  {"icon": "trophy", "label": "ภารกิจ", "path": "/missions"},
  {"icon": "star", "label": "อันดับ", "path": "/leaderboard"},
  {"icon": "ticket", "label": "จับสลาก", "path": "/lucky-draw"},
  {"icon": "heart", "label": "บริจาคแต้ม", "path": "/donations"},
  {"icon": "newspaper", "label": "ข่าวสาร", "path": "/news"},
  {"icon": "headphones", "label": "ติดต่อเรา", "path": "/support"}
]'::jsonb)
ON CONFLICT DO NOTHING;

-- ============================================================
-- 20. Page Configs (Home page sections)
-- ============================================================
INSERT INTO page_configs (id, tenant_id, page_slug, sections, status, version) VALUES
('b2000000-0000-0000-0000-000000000001', '00000000-0000-0000-0000-000000000001', 'home', '[
  {"id": "points-summary", "type": "PointsSummary", "order": 1, "visible": true, "props": {}},
  {"id": "feature-menu", "type": "FeatureMenu", "order": 2, "visible": true, "props": {"columns": 4}},
  {"id": "promo-banner", "type": "PromoBanner", "order": 3, "visible": true, "props": {}},
  {"id": "news-list", "type": "NewsList", "order": 4, "visible": true, "props": {"limit": 5}},
  {"id": "mission-preview", "type": "MissionPreview", "order": 5, "visible": true, "props": {"limit": 3}}
]'::jsonb, 'published', 1),
('b2000000-0000-0000-0000-000000000002', '00000000-0000-0000-0000-000000000001', 'rewards', '[
  {"id": "reward-balance", "type": "RewardBalance", "order": 1, "visible": true, "props": {}},
  {"id": "flash-rewards", "type": "FlashRewards", "order": 2, "visible": true, "props": {}},
  {"id": "reward-list", "type": "RewardList", "order": 3, "visible": true, "props": {}}
]'::jsonb, 'published', 1),
('b2000000-0000-0000-0000-000000000003', '00000000-0000-0000-0000-000000000001', 'profile', '[
  {"id": "profile-header", "type": "ProfileHeader", "order": 1, "visible": true, "props": {}},
  {"id": "profile-stats", "type": "ProfileStats", "order": 2, "visible": true, "props": {}},
  {"id": "profile-badges", "type": "ProfileBadges", "order": 3, "visible": true, "props": {}},
  {"id": "profile-links", "type": "ProfileLinks", "order": 4, "visible": true, "props": {}}
]'::jsonb, 'published', 1)
ON CONFLICT DO NOTHING;

-- ============================================================
-- 21. Popups
-- ============================================================
INSERT INTO popups (id, tenant_id, title, content, image_url, link_url, trigger_type, target_pages, frequency, priority, status, starts_at, ends_at) VALUES
('b3000000-0000-0000-0000-000000000001', '00000000-0000-0000-0000-000000000001', 'Flash Sale สบู่มะขาม!', 'แลกเพียง 25 แต้ม รับสบู่มะขาม 3 ก้อน วันนี้ - อาทิตย์นี้เท่านั้น!', 'https://placehold.co/600x400/e84393/white?text=Flash+Sale', '/rewards', 'on_load', ARRAY['/', '/rewards'], 'once_per_day', 10, 'active', NOW() - INTERVAL '1 day', NOW() + INTERVAL '6 days')
ON CONFLICT DO NOTHING;

COMMIT;
