-- ============================================================
-- Seed Admin User Activity + Demo User Passwords
-- Admin: 00000000-0000-0000-0000-000000000002
-- Tenant: 00000000-0000-0000-0000-000000000001
-- ============================================================

BEGIN;

-- ============================================================
-- 1. Give demo consumer users password + email + roles
--    Password: Admin123! (same hash as admin)
-- ============================================================
UPDATE users SET
  password_hash = '$2a$10$5SJ15pukGoMIEiTtt3cnAegwz86BRde9JSq0XSM02IcDXTpP2g3fG',
  email = 'somchai@test.com'
WHERE id = 'd0000000-0000-0000-0000-000000000001';

UPDATE users SET
  password_hash = '$2a$10$5SJ15pukGoMIEiTtt3cnAegwz86BRde9JSq0XSM02IcDXTpP2g3fG'
WHERE id IN (
  'd0000000-0000-0000-0000-000000000002',
  'd0000000-0000-0000-0000-000000000003',
  'd0000000-0000-0000-0000-000000000004',
  'd0000000-0000-0000-0000-000000000005'
);

-- Add api_client roles for demo users
INSERT INTO user_roles (user_id, tenant_id, role) VALUES
('d0000000-0000-0000-0000-000000000001', '00000000-0000-0000-0000-000000000001', 'api_client'),
('d0000000-0000-0000-0000-000000000002', '00000000-0000-0000-0000-000000000001', 'api_client'),
('d0000000-0000-0000-0000-000000000003', '00000000-0000-0000-0000-000000000001', 'api_client'),
('d0000000-0000-0000-0000-000000000004', '00000000-0000-0000-0000-000000000001', 'api_client'),
('d0000000-0000-0000-0000-000000000005', '00000000-0000-0000-0000-000000000001', 'api_client')
ON CONFLICT DO NOTHING;

-- ============================================================
-- 2. Codes scanned by Admin user
-- ============================================================
INSERT INTO codes (id, tenant_id, batch_id, serial_number, ref1, status, scanned_at, scanned_by) VALUES
('f1000000-0000-0000-0000-000000000001', '00000000-0000-0000-0000-000000000001', '00000000-0000-0000-0000-000000000004', 5001, 'SV2026-5001', 'scanned', NOW() - INTERVAL '25 days', '00000000-0000-0000-0000-000000000002'),
('f1000000-0000-0000-0000-000000000002', '00000000-0000-0000-0000-000000000001', '00000000-0000-0000-0000-000000000004', 5002, 'SV2026-5002', 'scanned', NOW() - INTERVAL '20 days', '00000000-0000-0000-0000-000000000002'),
('f1000000-0000-0000-0000-000000000003', '00000000-0000-0000-0000-000000000001', '00000000-0000-0000-0000-000000000004', 5003, 'SV2026-5003', 'scanned', NOW() - INTERVAL '15 days', '00000000-0000-0000-0000-000000000002'),
('f1000000-0000-0000-0000-000000000004', '00000000-0000-0000-0000-000000000001', '00000000-0000-0000-0000-000000000004', 5004, 'SV2026-5004', 'scanned', NOW() - INTERVAL '10 days', '00000000-0000-0000-0000-000000000002'),
('f1000000-0000-0000-0000-000000000005', '00000000-0000-0000-0000-000000000001', '00000000-0000-0000-0000-000000000004', 5005, 'SV2026-5005', 'scanned', NOW() - INTERVAL '7 days', '00000000-0000-0000-0000-000000000002'),
('f1000000-0000-0000-0000-000000000006', '00000000-0000-0000-0000-000000000001', '00000000-0000-0000-0000-000000000004', 5006, 'SV2026-5006', 'scanned', NOW() - INTERVAL '5 days', '00000000-0000-0000-0000-000000000002'),
('f1000000-0000-0000-0000-000000000007', '00000000-0000-0000-0000-000000000001', '00000000-0000-0000-0000-000000000004', 5007, 'SV2026-5007', 'scanned', NOW() - INTERVAL '3 days', '00000000-0000-0000-0000-000000000002'),
('f1000000-0000-0000-0000-000000000008', '00000000-0000-0000-0000-000000000001', '00000000-0000-0000-0000-000000000004', 5008, 'SV2026-5008', 'scanned', NOW() - INTERVAL '1 day', '00000000-0000-0000-0000-000000000002'),
('f1000000-0000-0000-0000-000000000009', '00000000-0000-0000-0000-000000000001', '00000000-0000-0000-0000-000000000004', 5009, 'SV2026-5009', 'scanned', NOW() - INTERVAL '12 hours', '00000000-0000-0000-0000-000000000002'),
('f1000000-0000-0000-0000-000000000010', '00000000-0000-0000-0000-000000000001', '00000000-0000-0000-0000-000000000004', 5010, 'SV2026-5010', 'scanned', NOW() - INTERVAL '6 hours', '00000000-0000-0000-0000-000000000002')
ON CONFLICT DO NOTHING;

-- ============================================================
-- 3. Scan History for Admin
-- ============================================================
INSERT INTO scan_history (id, tenant_id, user_id, code_id, campaign_id, batch_id, points_earned, scan_type, scanned_at) VALUES
('11000000-0000-0000-0000-000000000001', '00000000-0000-0000-0000-000000000001', '00000000-0000-0000-0000-000000000002', 'f1000000-0000-0000-0000-000000000001', '00000000-0000-0000-0000-000000000003', '00000000-0000-0000-0000-000000000004', 10, 'success', NOW() - INTERVAL '25 days'),
('11000000-0000-0000-0000-000000000002', '00000000-0000-0000-0000-000000000001', '00000000-0000-0000-0000-000000000002', 'f1000000-0000-0000-0000-000000000002', '00000000-0000-0000-0000-000000000003', '00000000-0000-0000-0000-000000000004', 15, 'success', NOW() - INTERVAL '20 days'),
('11000000-0000-0000-0000-000000000003', '00000000-0000-0000-0000-000000000001', '00000000-0000-0000-0000-000000000002', 'f1000000-0000-0000-0000-000000000003', '00000000-0000-0000-0000-000000000003', '00000000-0000-0000-0000-000000000004', 10, 'success', NOW() - INTERVAL '15 days'),
('11000000-0000-0000-0000-000000000004', '00000000-0000-0000-0000-000000000001', '00000000-0000-0000-0000-000000000002', 'f1000000-0000-0000-0000-000000000004', '00000000-0000-0000-0000-000000000003', '00000000-0000-0000-0000-000000000004', 12, 'success', NOW() - INTERVAL '10 days'),
('11000000-0000-0000-0000-000000000005', '00000000-0000-0000-0000-000000000001', '00000000-0000-0000-0000-000000000002', 'f1000000-0000-0000-0000-000000000005', '00000000-0000-0000-0000-000000000003', '00000000-0000-0000-0000-000000000004', 8, 'success', NOW() - INTERVAL '7 days'),
('11000000-0000-0000-0000-000000000006', '00000000-0000-0000-0000-000000000001', '00000000-0000-0000-0000-000000000002', 'f1000000-0000-0000-0000-000000000006', '00000000-0000-0000-0000-000000000003', '00000000-0000-0000-0000-000000000004', 10, 'success', NOW() - INTERVAL '5 days'),
('11000000-0000-0000-0000-000000000007', '00000000-0000-0000-0000-000000000001', '00000000-0000-0000-0000-000000000002', 'f1000000-0000-0000-0000-000000000007', '00000000-0000-0000-0000-000000000003', '00000000-0000-0000-0000-000000000004', 5, 'success', NOW() - INTERVAL '3 days'),
('11000000-0000-0000-0000-000000000008', '00000000-0000-0000-0000-000000000001', '00000000-0000-0000-0000-000000000002', 'f1000000-0000-0000-0000-000000000008', '00000000-0000-0000-0000-000000000003', '00000000-0000-0000-0000-000000000004', 10, 'success', NOW() - INTERVAL '1 day'),
('11000000-0000-0000-0000-000000000009', '00000000-0000-0000-0000-000000000001', '00000000-0000-0000-0000-000000000002', 'f1000000-0000-0000-0000-000000000009', '00000000-0000-0000-0000-000000000003', '00000000-0000-0000-0000-000000000004', 15, 'success', NOW() - INTERVAL '12 hours'),
('11000000-0000-0000-0000-000000000010', '00000000-0000-0000-0000-000000000001', '00000000-0000-0000-0000-000000000002', 'f1000000-0000-0000-0000-000000000010', '00000000-0000-0000-0000-000000000003', '00000000-0000-0000-0000-000000000004', 10, 'success', NOW() - INTERVAL '6 hours')
ON CONFLICT DO NOTHING;

-- ============================================================
-- 4. Point Ledger for Admin (immutable, append-only)
-- Total earned: 105, spent: 30, current: 75
-- ============================================================
INSERT INTO point_ledger (id, tenant_id, user_id, campaign_id, entry_type, amount, balance_after, currency, reference_type, reference_id, description, created_at) VALUES
('22000000-0000-0000-0000-000000000001', '00000000-0000-0000-0000-000000000001', '00000000-0000-0000-0000-000000000002', '00000000-0000-0000-0000-000000000003', 'credit', 10, 10, 'point', 'scan', '11000000-0000-0000-0000-000000000001', 'สแกน QR สินค้า ขมิ้นชัน', NOW() - INTERVAL '25 days'),
('22000000-0000-0000-0000-000000000002', '00000000-0000-0000-0000-000000000001', '00000000-0000-0000-0000-000000000002', '00000000-0000-0000-0000-000000000003', 'credit', 15, 25, 'point', 'scan', '11000000-0000-0000-0000-000000000002', 'สแกน QR สินค้า เซรั่มคอลลาเจน', NOW() - INTERVAL '20 days'),
('22000000-0000-0000-0000-000000000003', '00000000-0000-0000-0000-000000000001', '00000000-0000-0000-0000-000000000002', '00000000-0000-0000-0000-000000000003', 'credit', 10, 35, 'point', 'scan', '11000000-0000-0000-0000-000000000003', 'สแกน QR สินค้า ขมิ้นชัน', NOW() - INTERVAL '15 days'),
-- Redemption: spent 30 for coupon
('22000000-0000-0000-0000-000000000004', '00000000-0000-0000-0000-000000000001', '00000000-0000-0000-0000-000000000002', '00000000-0000-0000-0000-000000000003', 'debit', 30, 5, 'point', 'reward_reservation', '92000000-0000-0000-0000-000000000001', 'แลกรางวัล คูปองส่วนลด 50 บาท', NOW() - INTERVAL '13 days'),
('22000000-0000-0000-0000-000000000005', '00000000-0000-0000-0000-000000000001', '00000000-0000-0000-0000-000000000002', '00000000-0000-0000-0000-000000000003', 'credit', 12, 17, 'point', 'scan', '11000000-0000-0000-0000-000000000004', 'สแกน QR สินค้า ครีมกันแดด', NOW() - INTERVAL '10 days'),
('22000000-0000-0000-0000-000000000006', '00000000-0000-0000-0000-000000000001', '00000000-0000-0000-0000-000000000002', '00000000-0000-0000-0000-000000000003', 'credit', 8, 25, 'point', 'scan', '11000000-0000-0000-0000-000000000005', 'สแกน QR สินค้า แชมพูอัญชัน', NOW() - INTERVAL '7 days'),
('22000000-0000-0000-0000-000000000007', '00000000-0000-0000-0000-000000000001', '00000000-0000-0000-0000-000000000002', '00000000-0000-0000-0000-000000000003', 'credit', 10, 35, 'point', 'scan', '11000000-0000-0000-0000-000000000006', 'สแกน QR สินค้า น้ำมันนวด', NOW() - INTERVAL '5 days'),
('22000000-0000-0000-0000-000000000008', '00000000-0000-0000-0000-000000000001', '00000000-0000-0000-0000-000000000002', '00000000-0000-0000-0000-000000000003', 'credit', 5, 40, 'point', 'scan', '11000000-0000-0000-0000-000000000007', 'สแกน QR สินค้า สบู่มะขาม', NOW() - INTERVAL '3 days'),
('22000000-0000-0000-0000-000000000009', '00000000-0000-0000-0000-000000000001', '00000000-0000-0000-0000-000000000002', '00000000-0000-0000-0000-000000000003', 'credit', 10, 50, 'point', 'scan', '11000000-0000-0000-0000-000000000008', 'สแกน QR สินค้า โลชั่น', NOW() - INTERVAL '1 day'),
('22000000-0000-0000-0000-000000000010', '00000000-0000-0000-0000-000000000001', '00000000-0000-0000-0000-000000000002', '00000000-0000-0000-0000-000000000003', 'credit', 15, 65, 'point', 'scan', '11000000-0000-0000-0000-000000000009', 'สแกน QR สินค้า เซรั่มคอลลาเจน', NOW() - INTERVAL '12 hours'),
('22000000-0000-0000-0000-000000000011', '00000000-0000-0000-0000-000000000001', '00000000-0000-0000-0000-000000000002', '00000000-0000-0000-0000-000000000003', 'credit', 10, 75, 'point', 'scan', '11000000-0000-0000-0000-000000000010', 'สแกน QR สินค้า ชาตะไคร้ใบเตย', NOW() - INTERVAL '6 hours')
ON CONFLICT DO NOTHING;

-- ============================================================
-- 5. Reward Reservation (1 redemption for admin)
-- ============================================================
INSERT INTO reward_reservations (id, user_id, reward_id, tenant_id, status, coupon_code, expires_at, confirmed_at, created_at) VALUES
('92000000-0000-0000-0000-000000000001', '00000000-0000-0000-0000-000000000002', '00000000-0000-0000-0000-000000000007', '00000000-0000-0000-0000-000000000001', 'CONFIRMED', 'JH-ADMIN-001', NOW() + INTERVAL '30 days', NOW() - INTERVAL '13 days', NOW() - INTERVAL '13 days')
ON CONFLICT DO NOTHING;

-- ============================================================
-- 6. User Missions for Admin
-- ============================================================
INSERT INTO user_missions (id, user_id, mission_id, tenant_id, progress, target, completed, completed_at, rewarded) VALUES
-- Completed: นักสแกนมือใหม่ (3/3 scans)
('42000000-0000-0000-0000-000000000001', '00000000-0000-0000-0000-000000000002', '40000000-0000-0000-0000-000000000001', '00000000-0000-0000-0000-000000000001', 3, 3, TRUE, NOW() - INTERVAL '15 days', TRUE),
-- In progress: นักสะสมตัวยง (10/10 scans - completed!)
('42000000-0000-0000-0000-000000000002', '00000000-0000-0000-0000-000000000002', '40000000-0000-0000-0000-000000000002', '00000000-0000-0000-0000-000000000001', 10, 10, TRUE, NOW() - INTERVAL '6 hours', TRUE),
-- In progress: สะสมแต้ม 100 (75/100)
('42000000-0000-0000-0000-000000000003', '00000000-0000-0000-0000-000000000002', '40000000-0000-0000-0000-000000000003', '00000000-0000-0000-0000-000000000001', 75, 100, FALSE, NULL, FALSE),
-- Completed: กรอกโปรไฟล์ครบ
('42000000-0000-0000-0000-000000000004', '00000000-0000-0000-0000-000000000002', '40000000-0000-0000-0000-000000000005', '00000000-0000-0000-0000-000000000001', 1, 1, TRUE, NOW() - INTERVAL '25 days', TRUE)
ON CONFLICT DO NOTHING;

-- ============================================================
-- 7. User Badges for Admin
-- ============================================================
INSERT INTO user_badges (id, user_id, badge_id, tenant_id, earned_at) VALUES
('52000000-0000-0000-0000-000000000001', '00000000-0000-0000-0000-000000000002', '50000000-0000-0000-0000-000000000001', '00000000-0000-0000-0000-000000000001', NOW() - INTERVAL '25 days'),
('52000000-0000-0000-0000-000000000002', '00000000-0000-0000-0000-000000000002', '50000000-0000-0000-0000-000000000004', '00000000-0000-0000-0000-000000000001', NOW() - INTERVAL '25 days'),
('52000000-0000-0000-0000-000000000003', '00000000-0000-0000-0000-000000000002', '50000000-0000-0000-0000-000000000002', '00000000-0000-0000-0000-000000000001', NOW() - INTERVAL '6 hours')
ON CONFLICT DO NOTHING;

-- ============================================================
-- 8. Notifications for Admin
-- ============================================================
INSERT INTO notifications (id, tenant_id, user_id, type, title, body, ref_type, ref_id, read_at, created_at) VALUES
('93000000-0000-0000-0000-000000000001', '00000000-0000-0000-0000-000000000001', '00000000-0000-0000-0000-000000000002', 'system', 'ยินดีต้อนรับ!', 'ยินดีต้อนรับสู่ Jula Herb สะสมแต้ม แลกสิทธิพิเศษ', NULL, NULL, NOW() - INTERVAL '24 days', NOW() - INTERVAL '25 days'),
('93000000-0000-0000-0000-000000000002', '00000000-0000-0000-0000-000000000001', '00000000-0000-0000-0000-000000000002', 'points', 'ได้รับแต้ม +10', 'คุณได้รับ 10 แต้มจากการสแกน QR Code สินค้าขมิ้นชัน', 'scan', '11000000-0000-0000-0000-000000000001', NOW() - INTERVAL '24 days', NOW() - INTERVAL '25 days'),
('93000000-0000-0000-0000-000000000003', '00000000-0000-0000-0000-000000000001', '00000000-0000-0000-0000-000000000002', 'campaign', 'ภารกิจสำเร็จ!', 'ยินดีด้วย! คุณทำภารกิจ "นักสแกนมือใหม่" สำเร็จแล้ว ได้รับ 20 แต้ม', 'mission', '40000000-0000-0000-0000-000000000001', NOW() - INTERVAL '14 days', NOW() - INTERVAL '15 days'),
('93000000-0000-0000-0000-000000000004', '00000000-0000-0000-0000-000000000001', '00000000-0000-0000-0000-000000000002', 'reward', 'แลกรางวัลสำเร็จ!', 'คุณแลกรางวัล "คูปองส่วนลด 50 บาท" สำเร็จแล้ว คูปอง: JH-ADMIN-001', 'reward_reservation', '92000000-0000-0000-0000-000000000001', NULL, NOW() - INTERVAL '13 days'),
('93000000-0000-0000-0000-000000000005', '00000000-0000-0000-0000-000000000001', '00000000-0000-0000-0000-000000000002', 'campaign', 'Flash Sale เริ่มแล้ว!', 'รีบแลกแต้ม! สบู่มะขาม 3 ก้อน ราคาพิเศษ 25 แต้มเท่านั้น', 'reward', '00000000-0000-0000-0000-000000000013', NULL, NOW() - INTERVAL '1 day'),
('93000000-0000-0000-0000-000000000006', '00000000-0000-0000-0000-000000000001', '00000000-0000-0000-0000-000000000002', 'points', 'ได้รับแต้ม +15', 'คุณได้รับ 15 แต้มจากการสแกน QR Code เซรั่มคอลลาเจน', 'scan', '11000000-0000-0000-0000-000000000009', NULL, NOW() - INTERVAL '12 hours'),
('93000000-0000-0000-0000-000000000007', '00000000-0000-0000-0000-000000000001', '00000000-0000-0000-0000-000000000002', 'campaign', 'ภารกิจสำเร็จ! ราชาสแกน', 'ยินดีด้วย! คุณทำภารกิจ "นักสะสมตัวยง" สำเร็จ สแกนครบ 10 ครั้ง ได้รับ 50 แต้ม', 'mission', '40000000-0000-0000-0000-000000000002', NULL, NOW() - INTERVAL '6 hours'),
('93000000-0000-0000-0000-000000000008', '00000000-0000-0000-0000-000000000001', '00000000-0000-0000-0000-000000000002', 'info', 'โปรสุดคุ้ม!', 'สแกนครบ 5 ชิ้น รับโบนัส 50 แต้ม ถึงสิ้นเดือนนี้', NULL, NULL, NULL, NOW() - INTERVAL '5 days')
ON CONFLICT DO NOTHING;

-- ============================================================
-- 9. Leaderboard entries for Admin
-- ============================================================
INSERT INTO leaderboard (id, tenant_id, user_id, period, period_key, category, score, rank) VALUES
('61000000-0000-0000-0000-000000000001', '00000000-0000-0000-0000-000000000001', '00000000-0000-0000-0000-000000000002', 'monthly', '2026-03', 'scans', 10, 1),
('61000000-0000-0000-0000-000000000002', '00000000-0000-0000-0000-000000000001', '00000000-0000-0000-0000-000000000002', 'monthly', '2026-03', 'points', 105, 1)
ON CONFLICT DO NOTHING;

-- Update existing leaderboard ranks (admin is now #1)
UPDATE leaderboard SET rank = rank + 1
WHERE tenant_id = '00000000-0000-0000-0000-000000000001'
  AND period_key = '2026-03'
  AND user_id != '00000000-0000-0000-0000-000000000002';

-- ============================================================
-- 10. Lucky Draw Tickets for Admin
-- ============================================================
INSERT INTO lucky_draw_tickets (id, campaign_id, user_id, ticket_number, points_spent) VALUES
('73000000-0000-0000-0000-000000000001', '70000000-0000-0000-0000-000000000001', '00000000-0000-0000-0000-000000000002', 'LD-2026-ADM1', 10),
('73000000-0000-0000-0000-000000000002', '70000000-0000-0000-0000-000000000001', '00000000-0000-0000-0000-000000000002', 'LD-2026-ADM2', 10)
ON CONFLICT DO NOTHING;

-- ============================================================
-- 11. Donation History for Admin
-- ============================================================
INSERT INTO donation_histories (id, donation_id, user_id, tenant_id, points) VALUES
('82000000-0000-0000-0000-000000000001', '80000000-0000-0000-0000-000000000001', '00000000-0000-0000-0000-000000000002', '00000000-0000-0000-0000-000000000001', 30),
('82000000-0000-0000-0000-000000000002', '80000000-0000-0000-0000-000000000002', '00000000-0000-0000-0000-000000000002', '00000000-0000-0000-0000-000000000001', 50)
ON CONFLICT DO NOTHING;

-- Update donation collected totals
UPDATE donations SET collected_points = collected_points + 30 WHERE id = '80000000-0000-0000-0000-000000000001';
UPDATE donations SET collected_points = collected_points + 50 WHERE id = '80000000-0000-0000-0000-000000000002';

-- ============================================================
-- 12. Update Admin profile to look more complete
-- ============================================================
UPDATE users SET
  first_name = 'Admin',
  last_name = 'Saversure',
  profile_completed = TRUE,
  phone_verified = TRUE,
  last_login_at = NOW()
WHERE id = '00000000-0000-0000-0000-000000000002';

COMMIT;
